Centroids,827864,235916
,507818,175610
,398523,404865
,555528,563794
,607701,561583
,244654,847642
,317773,164736
,597717,622294
,672836,585197
,736340,808967
,332203,562869
,857662,560623
,619166,398351
,151229,454529
,419220,787783
Data,665845,557965
,618600,551446
,588100,557588
,604678,574577
,604737,574591
,602013,574722
,607269,536961
,671919,571761
,600032,575310
,601967,604428
,601444,572693
,661430,603567
,601182,582584
,605107,563429
,568824,570203
,589244,573777
,560237,500154
,610666,551701
,600582,599535
,613871,550423
,625728,579460
,638559,558807
,544056,577786
,561574,621747
,605284,556134
,555904,640401
,603849,572396
,603359,589262
,614279,599251
,645171,595209
,656477,573007
,597418,538362
,628696,542447
,603126,497987
,596179,529556
,598184,531473
,600202,622079
,515612,540643
,593490,623110
,583728,563146
,624452,584622
,625709,660145
,565148,557305
,612799,537497
,599808,596484
,606738,601356
,575440,568511
,605927,572533
,647354,579190
,562920,559223
,707100,601463
,614917,600946
,603789,574474
,546031,570429
,688712,568754
,606809,572101
,613840,534167
,597077,568196
,606011,569426
,593166,622725
,712648,607541
,525967,565687
,607604,573951
,591484,571087
,645464,660478
,555429,604551
,586097,567445
,649088,575733
,563763,559454
,618869,577243
,636628,533309
,595014,632844
,604352,573425
,596891,579476
,604415,571400
,658199,568743
,671269,590258
,657985,453405
,623004,508050
,641031,593074
,567565,573952
,639431,588155
,568570,579335
,667639,571164
,606111,617846
,602873,527864
,602167,543919
,546640,560043
,651740,589474
,582057,543124
,609030,552436
,603445,630598
,577242,574073
,607911,576556
,600117,539079
,695646,652231
,613191,571942
,590583,623314
,585175,574133
,614615,574437
,606933,576409
,594084,629464
,601530,577183
,616561,619007
,611581,572630
,602887,595245
,605913,579526
,606324,544357
,606144,575076
,580048,565009
,610263,574422
,624369,532153
,577167,617095
,563460,480559
,569422,567790
,592804,584539
,591823,639096
,638078,629421
,647103,573853
,601187,531825
,649034,528813
,622407,583192
,551291,576721
,697959,614701
,546632,599204
,636500,587401
,533551,582247
,553038,606418
,588964,597435
,608529,586311
,589994,610890
,624415,515911
,584895,574666
,639394,576728
,663578,586265
,597421,554767
,658103,572250
,606415,581386
,587466,564953
,601885,573083
,621726,578003
,620213,574468
,541976,512639
,602667,575857
,596481,567449
,568546,564911
,597017,575588
,673750,594081
,594029,586701
,629533,537542
,801667,318542
,800479,321640
,844536,424646
,779956,271501
,801323,316240
,806131,312752
,802482,335269
,808062,337340
,803603,327255
,802237,318526
,800123,312312
,797242,324588
,809182,319115
,870801,476330
,801093,317509
,805237,318655
,801441,323812
,788220,301915
,817135,349925
,804630,332333
,802111,320817
,819768,346596
,800565,319364
,814401,341234
,776131,248465
,802646,317894
,795322,311178
,778414,260729
,802814,320130
,823913,369439
,812869,346251
,800447,331643
,804251,329956
,803448,314797
,795527,315510
,808717,335740
,816852,352965
,795299,312036
,809594,344872
,878184,487392
,824822,367091
,756701,207223
,800483,320713
,797162,306135
,806827,324616
,800804,316615
,801588,319814
,823840,368410
,801055,321833
,803780,334441
,802784,313853
,817119,336333
,824624,381716
,800772,325023
,800845,311838
,797272,324228
,795836,291870
,805372,313397
,800667,315995
,809054,345541
,779897,279572
,797569,321799
,787644,297715
,800677,310656
,795571,310093
,811913,325091
,775604,274485
,806511,313841
,802012,318315
,814108,344096
,807017,330432
,817410,346944
,816145,349032
,786245,292352
,805390,319676
,803277,319525
,773023,251826
,778965,282290
,805080,323708
,799724,318884
,806176,320301
,825716,373098
,801386,313545
,810903,332925
,810543,341180
,820258,351165
,779437,281959
,794826,309589
,832651,373469
,802041,319504
,798983,325682
,799912,323363
,804358,320802
,803031,325811
,800444,311497
,803470,319069
,803332,315488
,813436,360446
,838129,404012
,800316,311699
,805462,317833
,802655,316263
,801309,318213
,829529,375007
,804979,334141
,808489,317021
,804332,319006
,797834,297329
,801232,307078
,794615,305632
,811502,355939
,803370,318247
,797009,293194
,812965,330224
,800959,322309
,802254,320673
,798633,317300
,798612,326404
,802537,312497
,793892,313943
,793855,298525
,800655,320227
,805977,320805
,820904,351763
,765283,249459
,798981,311092
,800582,316980
,796283,315582
,801662,318423
,803377,319212
,806192,337849
,801586,318947
,799667,316830
,799021,326404
,806320,315242
,821151,366545
,782506,279930
,794991,291216
,799291,317500
,804408,337683
,810502,336169
,801326,315779
,813645,328765
,797111,302781
,811061,333595
,773955,239849
,783110,289805
,807421,317527
,805035,317469
,846693,429031
,806087,326636
,801313,300606
,801634,318965
,795254,296488
,800461,326821
,809781,326904
,804429,312164
,801183,316191
,406233,813072
,448651,847994
,369199,734895
,369418,733394
,424190,780052
,421352,799127
,383032,788008
,425260,773661
,442979,803024
,412797,803180
,442286,755194
,419700,793447
,400008,789447
,457561,788245
,389552,750700
,443447,783977
,389392,730768
,491614,778997
,452570,848127
,405986,787439
,420319,794333
,469422,822619
,418149,790096
,360319,778673
,445199,763833
,410019,732704
,407694,718592
,442260,754050
,407814,765816
,481133,781413
,458538,786673
,424476,781552
,448336,789445
,408745,824896
,395274,786698
,412109,735920
,376660,815936
,508535,830710
,440782,782395
,393758,750953
,425991,787029
,408712,803987
,417169,792321
,388873,746909
,386436,791388
,438437,730300
,422917,781112
,402666,814060
,406176,760860
,446307,796523
,413946,786971
,416926,785113
,417447,782955
,416019,787562
,459230,803720
,418199,851439
,441415,780207
,373360,784232
,434717,808225
,412028,773494
,365147,790525
,429472,860855
,344915,702496
,407460,791404
,397747,792207
,397806,749559
,407565,766203
,410610,765111
,406337,750353
,416039,730594
,398478,822297
,403890,792420
,402367,782997
,418621,840463
,418618,811618
,470922,770669
,412851,774986
,400079,749617
,424720,768456
,426689,788562
,405714,781619
,427850,762201
,473514,788780
,430686,844506
,422198,724557
,412677,786951
,382693,749680
,448519,805219
,413556,758080
,416855,794023
,398498,776720
,389410,788256
,415564,784464
,444336,820061
,453154,776082
,415895,775793
,506612,858859
,403522,785432
,403852,792473
,412453,784453
,416884,786845
,383821,808301
,457338,789952
,390282,789593
,397561,815245
,402891,801910
,409628,833942
,460942,779073
,420509,788730
,401492,790336
,385140,796221
,416775,806826
,411488,837715
,415806,783594
,415270,775605
,405350,762342
,371779,814715
,387951,813315
,471930,844046
,366654,802105
,426115,814461
,385561,718324
,437958,784801
,430138,818594
,414036,742189
,439793,740773
,387631,749416
,384225,784381
,427371,819417
,474648,778810
,409515,756149
,468229,827985
,409701,750741
,459556,818479
,476144,772131
,448649,813885
,410336,767856
,357467,797530
,446368,763341
,424145,743433
,421187,779726
,394708,739061
,425950,788228
,419520,778231
,409814,836083
,422776,808328
,422943,804253
,347933,797148
,394274,837428
,416359,786189
,376176,795539
,456566,743012
,403329,717870
,372621,772258
,489182,773934
,418155,819422
,416444,783624
,823974,725025
,875160,698897
,800913,749332
,793019,764859
,803540,754792
,803962,731228
,822156,732296
,779936,774397
,803457,735855
,815652,733433
,832054,751330
,824835,704997
,818063,797960
,828589,652430
,776000,780347
,830583,710990
,815131,704478
,784838,771499
,767482,727417
,813781,738344
,840943,739611
,822883,728314
,829623,732301
,818338,800932
,812152,689907
,861563,661642
,774526,757135
,798056,714380
,858867,700187
,839121,736259
,840100,728839
,862334,747768
,817862,732248
,846484,719360
,821906,732848
,820350,748217
,838223,766380
,816054,733183
,848783,748980
,838036,749612
,789601,714058
,789448,738035
,848151,741869
,801511,761094
,873672,734440
,755829,751858
,832758,707452
,799903,784535
,828147,808738
,824594,741664
,823108,733302
,827711,732798
,816390,711340
,790612,738038
,865754,723314
,877711,703850
,809917,762429
,879221,655497
,819439,735945
,850451,764015
,824765,761114
,812231,739235
,842590,716861
,817640,730018
,777697,798253
,805658,698630
,796953,726378
,817441,709397
,805089,762512
,846090,651306
,827192,785316
,795200,786424
,846512,683647
,824674,806300
,805391,732659
,850376,739749
,796786,724615
,825690,703854
,825395,715780
,820238,732928
,825515,738284
,822025,749214
,871723,685520
,816775,739989
,815455,755486
,868626,737331
,817252,730254
,808440,729985
,841654,764836
,751215,828365
,820194,734233
,809779,663654
,866139,717138
,837582,763266
,800231,732106
,838764,652792
,828297,715480
,874643,729921
,817018,729596
,838515,768484
,754841,796342
,821908,732077
,823987,687499
,839339,726322
,854412,725575
,838587,700545
,817395,734126
,872285,750708
,836225,709204
,888892,702505
,795124,696429
,815593,689874
,833716,758772
,801102,759330
,808779,732990
,817807,715863
,801204,755177
,814732,734183
,876503,659112
,819737,737829
,811971,664520
,827031,734324
,810460,735109
,801172,715857
,829673,730398
,786935,732999
,804925,735492
,818932,728481
,807072,687932
,823959,737866
,790206,747165
,801810,728106
,820947,730529
,822664,720677
,823113,733720
,828531,731300
,781260,737962
,833504,744564
,822843,763117
,865084,713697
,849547,738979
,821464,700760
,803369,698753
,796353,710294
,829133,735488
,818542,740451
,841762,777572
,803874,675499
,824140,729074
,866760,753547
,825414,734466
,786227,765634
,809453,736879
,818251,731938
,823618,734216
,837545,696979
,822224,742716
,797233,713358
,813319,737376
,860387,157731
,863391,126214
,849248,164090
,905936,150106
,818079,108536
,869087,153957
,834293,161575
,835128,212354
,875410,128878
,800816,176612
,876863,176593
,862679,188399
,854338,135067
,850538,160159
,888714,205560
,851280,156049
,840375,155757
,873527,126426
,826499,142732
,883537,210648
,840299,118907
,864053,139325
,857972,160214
,804936,148980
,858587,150101
,855656,162100
,850057,157848
,861994,160156
,867125,168762
,847644,164348
,860606,152843
,838328,185708
,829229,143653
,871556,194747
,851840,110475
,836081,178429
,849938,156042
,864325,170593
,817619,181929
,861242,161722
,850577,157049
,883864,111281
,802394,87835
,824185,167369
,840335,164912
,846257,145306
,851282,153750
,857309,139276
,895245,150977
,862642,159379
,858934,162874
,842824,177832
,842281,175525
,841096,188742
,840357,169437
,844734,164570
,887269,166179
,850925,157811
,870599,149782
,814379,132655
,852423,159874
,883375,158482
,836450,151205
,813239,139752
,789356,159383
,858834,149259
,872057,122354
,787336,144875
,843833,170416
,812240,177846
,850959,157920
,854753,190254
,857833,170565
,845303,150476
,850153,155701
,871689,155981
,815298,167390
,902529,162041
,799326,106384
,843813,182032
,877964,242679
,821361,175823
,843150,156573
,830620,117906
,819541,117296
,857846,153281
,842576,153072
,862925,243856
,834171,189042
,869167,105039
,846575,159002
,830445,186055
,852410,187705
,927170,250593
,846731,162515
,884966,133900
,846284,113820
,878258,158631
,856924,169071
,851568,114049
,925732,210388
,855593,161003
,868317,177001
,823740,169808
,883929,121705
,872506,157517
,816393,185056
,812942,85345
,913298,162009
,872781,154295
,923120,170161
,835702,176502
,859177,143273
,855852,134834
,860154,113364
,850775,162968
,849681,125345
,883567,161769
,823676,152154
,844400,150812
,878157,210496
,786528,104976
,861412,205239
,834036,144156
,846720,162060
,849003,115373
,839757,190518
,846936,161313
,844357,163402
,877835,151890
,866560,165110
,818668,120458
,900955,185733
,874672,104851
,889142,154467
,854095,158510
,859298,139834
,837676,148639
,841353,125628
,893106,176595
,848290,143184
,883231,232031
,805089,96540
,847097,176660
,878749,188759
,841292,155620
,855969,193497
,808069,134402
,791722,162000
,806567,140259
,867993,162841
,849404,170474
,850945,161669
,813868,188928
,881109,152198
,900360,153622
,814553,164190
,829790,205695
,850453,155432
,848770,111076
,834165,140684
,857328,143692
,340693,569371
,405652,622938
,349296,557688
,408689,562521
,286568,547471
,339967,562602
,283570,563726
,342064,570045
,335792,541310
,366794,582584
,339981,565418
,338474,563350
,340064,550509
,296775,572432
,334016,562797
,365927,571713
,325057,581121
,378648,579579
,333299,597586
,345840,561591
,358793,547046
,304399,545221
,337002,589527
,334549,579199
,327403,548875
,326043,553772
,333901,532836
,358483,554925
,367751,578289
,321519,561045
,339632,536577
,268672,508874
,345042,566973
,333934,537464
,334182,558498
,303637,570253
,325118,556212
,371563,547746
,407040,577739
,357813,572855
,335918,566525
,339212,538693
,334785,565575
,345903,561314
,331175,551842
,341675,560197
,412500,594675
,322209,547247
,288068,561932
,284031,566654
,356246,549756
,336829,562228
,342963,582232
,324055,590810
,357737,597104
,298665,568245
,338863,563107
,338935,567577
,371000,555062
,331795,529654
,280110,522025
,452457,597461
,320628,564596
,340712,563178
,261538,525920
,317136,563479
,319927,524637
,344791,578536
,373907,558472
,341721,576427
,338588,543875
,371616,570648
,341329,565571
,330482,571217
,289087,565427
,225786,529417
,320827,519618
,321517,569562
,411796,581307
,325958,573367
,344239,530765
,321309,569996
,342099,561508
,321657,538660
,363304,553764
,304556,568584
,327998,571265
,313649,523765
,360165,553303
,338634,564414
,412767,593558
,336928,557412
,343450,570659
,354529,573677
,282066,560178
,321910,573825
,281979,518199
,340191,567638
,358312,559466
,338205,566246
,265815,540385
,347966,563506
,352381,592377
,369366,561201
,344314,595915
,328586,551385
,312558,520650
,379388,567285
,352209,548608
,339288,588052
,341559,562163
,327695,543105
,302359,534317
,330750,561657
,337910,562252
,343717,559909
,358384,556361
,345164,579614
,340970,564831
,326627,534442
,306298,551902
,302583,571881
,279008,521035
,338753,563384
,327973,534972
,345495,579864
,361138,551307
,269126,508814
,374117,546122
,335525,567445
,289002,520678
,364844,571623
,275524,559548
,308966,523409
,341966,561987
,318823,565345
,293746,544468
,325125,564342
,336336,563145
,321216,569834
,335027,565050
,341016,545280
,338633,563504
,353583,554147
,292636,520371
,310944,559497
,337173,557853
,324440,567074
,300366,565761
,325871,558965
,344552,554676
,355924,577596
,292932,558293
,341966,586266
,326251,549298
,351564,573155
,405542,600089
,221233,538472
,345674,579033
,345123,577788
,353939,570931
,365058,545456
,368724,598412
,182618,346663
,186536,330019
,248683,383412
,215243,289985
,144502,345417
,168443,367928
,159711,352701
,233480,289069
,168573,350387
,192775,350028
,139299,314046
,134695,350397
,188093,324040
,156984,430950
,198908,372797
,161345,350804
,141993,331189
,166449,363036
,186380,363938
,224225,376975
,223550,323197
,166584,349245
,148749,359845
,160222,380591
,170002,370000
,169966,368623
,181561,358111
,166973,341636
,155505,355581
,211265,396792
,137967,354539
,179609,408365
,172879,347028
,185966,359964
,152957,321354
,186914,361706
,170425,316185
,195000,354829
,213064,290947
,172885,352621
,186806,334070
,169293,348686
,152861,407965
,117585,391892
,158664,310765
,163796,345091
,235671,300234
,108232,373112
,133744,308918
,156945,339397
,159496,331641
,182435,365508
,169628,365003
,177728,352687
,198197,344933
,172020,342883
,202011,337353
,182050,424341
,173188,355248
,170384,339979
,185696,338006
,165881,364469
,159120,340829
,178495,373915
,162606,363185
,133580,348602
,186503,369651
,169145,355279
,141860,324304
,174373,363552
,165657,338722
,213022,338238
,171614,435530
,187858,381077
,153738,360530
,165886,348709
,197463,378513
,186082,330058
,142899,329415
,174878,362329
,187324,377187
,185071,362905
,174672,345849
,109090,326101
,153903,353738
,102983,382712
,188985,367645
,144228,344974
,171848,343242
,154412,310120
,170616,352610
,153607,379395
,105444,361358
,177579,319865
,216975,296647
,189102,333074
,137098,384889
,142455,343512
,168886,353913
,130805,354417
,142252,329183
,210102,333312
,144705,375936
,153583,352282
,159392,351000
,162975,335389
,154167,353183
,182239,333302
,183516,374212
,184570,360446
,198493,326704
,184798,392233
,107124,325984
,159302,337993
,168149,345638
,157193,350343
,151164,332239
,175169,349454
,168067,340249
,124132,340448
,168079,347343
,169228,364545
,183610,321788
,159472,372246
,165653,317602
,166973,334724
,161448,373412
,180493,319750
,194033,340466
,161387,343617
,167653,352074
,217686,296514
,211360,279794
,188909,341194
,117874,389929
,173978,346514
,194956,372256
,174410,372064
,166323,352927
,169337,348605
,145282,391482
,180519,368284
,168284,309036
,160922,347681
,147911,328024
,178235,346006
,122360,357480
,115363,305575
,177858,352255
,125675,360158
,124724,459999
,185253,344152
,158201,315944
,209553,326461
,190725,336160
,179463,361279
,165284,425978
,155690,368375
,179326,321160
,155508,372355
,161780,324523
,206519,355629
,176144,353300
,213951,352868
,169569,346955
,214966,358837
,219779,330969
,669118,354195
,617399,392653
,641070,424917
,629369,398359
,622550,391601
,679465,399014
,623498,399288
,574989,407228
,687717,379483
,653024,367312
,620240,397022
,587478,424878
,624328,392133
,559877,401053
,693265,388552
,655859,416496
,595215,391491
,598657,442558
,617118,374098
,617296,386864
,630384,376295
,637332,414017
,577473,384210
,595063,328609
,603566,410391
,546166,423311
,663820,416308
,624310,398408
,667249,417107
,611357,393577
,615032,402225
,632390,363198
,625784,441883
,579564,428498
,586242,396484
,609219,362804
,605310,394011
,595411,413706
,617444,397675
,592620,446156
,619637,395224
,621964,409409
,629789,426313
,680646,375662
,550086,442382
,551236,401856
,584938,344365
,649987,408293
,576987,392508
,584077,398498
,561388,355834
,610676,449688
,626811,372435
,570384,393553
,624106,398619
,611954,360938
,576488,397913
,603193,371867
,629725,405117
,562772,382904
,617764,397102
,610698,396326
,621629,397208
,576235,462612
,623502,420376
,608923,385575
,617573,386848
,653325,396810
,623137,408209
,619339,401624
,578878,420108
,615934,426539
,673514,390760
,549945,372313
,626586,415166
,638783,399478
,622557,361134
,666135,430421
,593601,445149
,624599,417673
,642881,403147
,582389,428200
,621989,394856
,612936,398723
,562777,437516
,618113,400002
,615342,413931
,620187,400168
,573925,449341
,619318,361696
,592924,393730
,611875,422910
,620818,396967
,554938,347875
,619628,399433
,618391,348381
,617689,397001
,572417,403906
,632060,367800
,620610,395343
,624293,333944
,617319,374666
,619239,400025
,622101,371771
,654147,407182
,629004,392271
,618349,397614
,638966,486628
,602335,433298
,617428,397343
,631365,450732
,601390,453925
,619427,396945
,700340,335010
,661166,404325
,626371,349696
,619332,401992
,652349,321291
,636807,424537
,623386,387031
,695010,449565
,488205,420586
,621241,368090
,608747,363132
,615665,405490
,560393,389490
,623433,400160
,624343,403629
,567105,437623
,591955,378142
,607665,447516
,662830,420955
,615239,317684
,618053,357534
,606558,458285
,738190,371970
,571692,449353
,639502,371440
,658735,399039
,618869,398187
,585255,415823
,594112,399331
,571570,375257
,603285,449307
,590500,418472
,591725,406549
,563182,367521
,616054,371666
,608195,447380
,650120,324477
,650859,460072
,601369,411415
,721905,378957
,571043,347389
,629978,400626
,598053,438963
,605899,412428
,619924,406713
,600007,377908
,630491,379017
,639613,388524
,681608,436537
,629000,417990
,605407,427914
,621778,364695
,601599,388540
,627206,402647
,614877,402442
,668482,358452
,196462,887983
,272394,837600
,226433,837646
,242087,844255
,245144,845719
,283576,809069
,298214,820903
,222704,824909
,249209,801933
,234091,876039
,224789,866804
,263626,851699
,231263,863308
,276635,875623
,274070,798617
,209922,850026
,222727,770963
,291561,845450
,194258,914691
,264627,808661
,240221,843932
,204854,810013
,246047,846189
,285258,848668
,245928,867228
,292872,896822
,269723,849664
,249370,872804
,257472,849587
,238080,830689
,231781,799444
,234604,822462
,219864,842635
,207217,878249
,204597,863162
,239344,814789
,259973,862559
,245707,844466
,305915,854818
,227138,824372
,281971,825246
,225846,874086
,258975,837353
,245602,857160
,257926,936947
,267799,847911
,201567,881003
,273165,852766
,256487,868899
,251958,886571
,268289,878265
,256316,818886
,314666,849163
,192885,887667
,250003,859517
,218369,851387
,283017,850861
,266980,825990
,294053,878220
,241413,845029
,257856,846423
,216846,737568
,277055,860813
,235041,823732
,246453,883061
,274554,845338
,299821,866288
,246729,879602
,220620,819091
,234219,845270
,240171,843940
,191257,802651
,261093,844962
,183478,851724
,118590,857150
,313609,860065
,237757,834092
,243331,844022
,229857,843917
,224083,852922
,271205,817620
,235337,831592
,252199,828023
,245678,821691
,246182,840370
,266977,887963
,244260,847060
,258416,835432
,282603,846165
,226949,889283
,139601,914203
,236274,861302
,200005,825237
,244049,817710
,256512,837094
,256889,880721
,233284,860085
,269354,811847
,222356,840843
,174371,864697
,237750,837381
,256082,831969
,205919,844377
,244246,847589
,219316,898830
,238308,790723
,242519,845811
,278929,842054
,248570,843156
,210276,824826
,240846,841609
,236749,813868
,288954,846991
,236431,844100
,241633,846949
,256216,903741
,232331,872896
,264293,890923
,224288,931476
,297183,841456
,308616,811021
,289719,866638
,224694,848663
,229567,855332
,239387,847822
,245532,846331
,227582,856861
,213775,841758
,244799,841688
,294492,832336
,267478,894783
,269483,848608
,236987,881080
,230149,886583
,181803,799487
,261633,773355
,250394,847577
,238328,770068
,238714,858826
,270742,847836
,312726,853829
,261796,819395
,242415,844335
,163956,833732
,295357,842293
,205466,778884
,244966,841126
,221126,837878
,216543,842952
,251070,877802
,228611,836717
,198583,860431
,254411,848090
,292194,906490
,260922,785987
,317675,838127
,230049,865536
,172690,847721
,236740,853169
,265246,889333
,247484,846372
,229280,813483
,307300,836132
,219049,825171
,240028,849354
,246857,852483
,247855,794626
,241475,850889
,204922,854068
,245258,799882
,187314,815820
,329428,66056
,253129,154296
,240213,118409
,376613,159699
,304283,183656
,270899,175377
,291170,110147
,202627,179376
,311093,169734
,294832,124284
,383044,180418
,337894,175289
,316263,163806
,277860,111893
,359352,162962
,332201,181702
,346942,152780
,292492,99170
,363208,238649
,353333,113156
,333789,151168
,321822,187102
,308044,164482
,383052,89061
,314479,178821
,333143,200298
,339482,151261
,321645,164662
,308066,145825
,348893,195430
,332284,194186
,361227,221878
,310693,154278
,358652,186358
,320400,160020
,396583,82842
,324121,96346
,234837,151054
,347050,150472
,400550,144359
,315488,160339
,336845,172750
,331862,169092
,363075,162238
,346717,178180
,332032,157725
,321556,163352
,312275,145173
,360703,150999
,320210,191459
,425563,163524
,348177,179526
,320718,158610
,345234,188822
,300294,178772
,333787,189423
,334812,137431
,324518,167369
,274321,219665
,300021,159185
,320000,162605
,366146,196571
,325767,164095
,314791,163370
,328851,147002
,289531,145743
,271123,163465
,332307,189590
,380281,205779
,348191,165419
,256120,141529
,358562,112650
,363437,77975
,246753,175170
,371685,151612
,324488,180658
,295311,115000
,267521,119941
,260930,184935
,291782,159562
,352910,145624
,372883,222824
,281548,175184
,336991,217448
,433100,134861
,375353,117180
,311163,166821
,332470,161202
,370775,144355
,343145,172236
,299460,144708
,345703,149860
,344364,213940
,322789,137560
,341137,78287
,336266,148507
,297177,88467
,305901,166656
,281732,221764
,344710,213543
,356500,188114
,278116,185472
,306326,164202
,323747,163351
,309501,166931
,339393,209145
,315333,144566
,290958,168323
,280274,182662
,319155,159850
,270201,236813
,446538,180119
,403365,215735
,335121,214149
,353951,133923
,367079,183232
,354132,161850
,333805,148479
,323905,168029
,309684,150076
,322841,169735
,249616,144446
,415495,116126
,271424,251323
,327734,163585
,276741,143844
,400055,131725
,310386,171068
,324444,166910
,270404,183080
,324966,170021
,382419,110392
,321245,141627
,320821,165455
,311065,219934
,283571,109326
,369490,164369
,279010,181792
,308489,145929
,327022,161396
,248427,146381
,312337,154488
,285865,167818
,306042,66361
,293978,197091
,293864,241877
,316257,171544
,313783,177198
,296164,96874
,339137,160334
,307107,174760
,328423,161604
,308555,134011
,306357,123397
,284378,223470
,267212,158699
,296627,93375
,335235,180161
,257841,193878
,331798,143962
,328775,156501
,293201,192871
,332562,174699
,312227,159417
,323329,93955
,258779,106777
,267264,153034
,293350,175997
,244344,185382
,357923,192120
,326040,156509
,139903,592241
,114311,601605
,185935,554627
,97216,564094
,101553,517715
,144570,573936
,173576,507309
,141238,557986
,69169,631490
,144620,575370
,137451,555339
,166290,521714
,148319,584541
,136606,562296
,119386,620549
,84501,604671
,105945,528795
,138449,555969
,95749,602775
,130440,562623
,58190,608304
,148385,538149
,145251,553486
,202913,525966
,179240,577011
,144242,557674
,101427,615890
,112379,547679
,139146,569516
,77109,512651
,202547,601240
,118137,579149
,113259,568684
,177246,571940
,138199,541774
,137787,566189
,93136,613387
,131523,568207
,142886,556511
,138965,558201
,171471,576787
,198294,552987
,140164,531093
,67867,545392
,116142,550919
,179224,584189
,29760,557873
,206561,574789
,115905,560139
,141699,530028
,111855,531542
,137516,556818
,105568,584102
,117212,565692
,139033,593287
,104862,608089
,138525,534268
,94571,528963
,147599,513563
,143879,536650
,109317,531425
,137740,618961
,109912,565003
,260096,530550
,121650,599844
,207218,589497
,152331,529689
,166904,503121
,152658,569277
,95899,530846
,166597,572855
,166840,562425
,141718,549576
,125351,529954
,138012,558263
,142663,556520
,137657,611252
,186380,487625
,176278,550602
,140962,518168
,155943,576199
,165356,570715
,257984,555707
,129550,560106
,151374,538387
,155430,549012
,93459,514032
,148080,544056
,173847,514665
,140047,540043
,146681,562995
,95071,503965
,146120,576624
,107965,535173
,158283,570550
,116492,509399
,193275,538687
,179834,541387
,111174,539350
,139434,557410
,38179,532155
,123905,508486
,206660,575002
,139636,565984
,76253,529394
,161475,587507
,223408,520131
,141991,539522
,161154,538355
,142000,554964
,130883,557824
,122130,568886
,139847,552015
,167716,562762
,165382,518876
,87236,607429
,197367,535989
,155274,552551
,146924,565933
,176092,531921
,139641,557503
,156474,570384
,136569,532130
,127503,623654
,141222,572556
,201907,516078
,166560,559687
,134725,537440
,143592,606949
,94061,576129
,103192,550021
,145758,562414
,139451,549580
,150404,539885
,143912,595772
,55359,623076
,138461,558771
,203667,577260
,145244,561042
,130201,562734
,134422,544300
,141924,558399
,143363,551365
,134261,519275
,170494,560892
,128788,546091
,131109,568012
,232047,522748
,142563,560090
,132497,593125
,122296,566921
,48143,523870
,130582,565948
,241485,523039
,211266,534538
,144401,565666
,115781,594942
,139978,587153
,105353,589239
,142575,517378
,137699,556769
,142516,559062
,163925,576666
,262846,559590
,138349,554238
,202175,495076
,77875,516899
,131874,552586
,119535,551857
,136059,558213
,233105,591646
,139237,548782
,147663,555514
,509279,180548
,474652,193224
,566666,195255
,541435,206637
,461701,188438
,477155,161019
,467697,168082
,500225,177559
,573755,218049
,509804,175714
,475944,189337
,520952,169184
,416763,96639
,549147,171454
,484348,202813
,504728,174541
,570266,188032
,514739,189624
,504096,192493
,502511,205121
,502737,174437
,513010,141058
,514551,176526
,521152,152439
,509928,184873
,529931,180136
,534461,178056
,545365,210090
,507895,177445
,512560,224816
,437116,148591
,509173,178051
,513562,229098
,517580,170329
,510496,174308
,534702,244239
,474135,199330
,509651,149290
,499637,194036
,482568,159010
,493070,189771
,469656,153741
,576965,187481
,469470,189347
,509554,186931
,523036,123677
,515450,173220
,497406,125809
,520809,176718
,509773,148899
,494698,176711
,502500,176532
,520878,209094
,512241,169240
,491382,122267
,535453,200970
,520845,176291
,507473,227670
,493714,173387
,509951,176794
,473316,162622
,516888,152451
,520819,181586
,495032,203929
,502302,210265
,486997,164803
,540364,163758
,497454,172375
,547076,156969
,516084,178725
,529858,213114
,519201,139101
,469404,181944
,491609,180519
,481067,172555
,491145,206344
,474527,107596
,514722,190943
,495995,160032
,521006,163218
,514876,182995
,513991,165072
,510739,121103
,507862,172954
,483423,111797
,482628,171320
,473649,178184
,494000,189403
,485110,150541
,545699,174099
,520461,173217
,495388,156422
,508989,168995
,504511,149234
,512733,174091
,488800,197919
,561725,168220
,514428,222503
,472054,129986
,518068,137556
,563315,215613
,490037,164357
,504373,165819
,486422,178919
,511030,221292
,496491,171534
,518892,165875
,507741,178883
,509039,173839
,519680,208378
,480876,160465
,486034,196122
,485968,123023
,502355,164119
,497211,174121
,505293,194591
,473202,140745
,541455,223176
,528094,178343
,538994,179328
,493897,189627
,514391,156592
,443618,157237
,480571,204150
,505384,174535
,522869,176818
,545240,221008
,576158,210283
,545455,182232
,508597,173640
,524397,239456
,528766,239937
,541498,192746
,494574,198972
,509223,177592
,541006,175198
,566524,179796
,516085,195504
,511118,175212
,497582,190801
,479631,178459
,498389,178069
,519396,177174
,501111,157402
,558307,203307
,508080,175697
,509383,167302
,498730,183037
,471328,176297
,559809,162597
,514981,172608
,455460,153040
,532549,172894
,519113,194925
,520782,134308
,515494,188459
,484395,107291
,483776,213021
,544539,180391
,500801,185558
,481841,209337
,521153,242968
,524502,248106
,460133,173081
,491792,214464
,515348,184750
,558478,213316
,464634,173867
,533566,214619
,500360,213540
,549642,157506
,506815,173387
,533775,163036
,489062,200329
,551867,170425
,417996,408162
,425386,379634
,370955,325071
,398629,401626
,465599,383470
,444610,400247
,410506,395586
,424782,449687
,397399,403186
,387756,435588
,414448,429790
,387330,409037
,393825,453067
,397213,377839
,383075,447616
,402227,414685
,377408,395123
,442915,420573
,420792,430901
,385804,393101
,402069,434868
,392919,405103
,439145,407748
,424228,442208
,351352,362910
,341775,425156
,402677,412615
,354601,358760
,399020,404042
,353941,399967
,397158,370362
,395246,392783
,354094,424230
,358830,431609
,395013,387179
,435067,403802
,376444,371957
,426625,475977
,396520,405610
,374797,407601
,373684,418326
,392428,402295
,383022,409854
,373339,398565
,434815,388041
,321050,422497
,383197,409869
,415521,368125
,367922,415238
,407334,445969
,422261,374345
,336585,420977
,401854,402867
,393903,387227
,389510,370897
,343651,438750
,398246,406245
,399077,403968
,405902,394724
,372230,412488
,400305,466024
,338347,337961
,392447,408539
,385338,440797
,414290,393146
,402252,414628
,396517,394572
,405569,411933
,393659,439272
,396621,381952
,398980,407667
,397851,400846
,350428,392503
,402566,415798
,407188,396576
,409167,449719
,359036,365793
,408714,391412
,403751,385539
,393828,404314
,390182,360941
,342501,336320
,342400,426090
,369480,377148
,401162,412142
,478361,409520
,357466,354094
,417281,410881
,378824,430343
,397918,462032
,427810,400178
,426172,363147
,409823,412908
,398255,405428
,397735,448097
,394761,461494
,402267,410395
,404445,402466
,369044,371649
,416750,435776
,368200,364844
,418623,404382
,427749,457110
,432184,395118
,402710,424367
,395450,407822
,407576,434017
,391966,387214
,380236,460907
,399942,385908
,467535,416014
,398724,404179
,377588,402670
,423371,373970
,403160,392159
,399346,423786
,429515,393708
,356739,417826
,436362,379677
,396081,396707
,383855,390984
,460198,402706
,408500,393942
,392660,395873
,439048,403700
,379128,418858
,389279,424006
,410601,410653
,417795,405673
,414374,439977
,402081,407514
,424840,479570
,394606,401451
,418140,415328
,391384,413273
,365223,422531
,415933,422485
,428513,456990
,368166,429422
,411674,402377
,394159,411676
,460628,434107
,361875,448199
,333682,401078
,405117,364266
,397889,398501
,417494,392231
,376493,366302
,449571,387141
,420489,448078
,492551,434649
,359740,379592
,361814,411086
,410418,409414
,376145,414107
,379593,380662
,404157,406324
,398985,413427
,391530,398743
,435926,408504
,398311,383357
,399460,399410
,399693,395271
,312123,419763
,401616,404245
,407833,402474
,437870,375761
,418996,389541
,407429,399155
,399997,411205
,380202,396671
,395210,357805
,315013,318367
,340966,420480
,387165,404027
,889260,541423
,868025,569296
,825141,535997
,906396,535803
,817776,525600
,848976,558706
,845120,549830
,857818,534525
,857126,548151
,889975,589361
,813561,583156
,887556,531797
,852037,649724
,904450,533427
,839088,528460
,871873,509094
,919544,541255
,863042,557890
,879031,489881
,903840,586229
,908506,549611
,844617,499013
,883981,607581
,883062,547498
,895565,501871
,864059,545894
,858819,544904
,873791,606643
,841843,503359
,847904,574114
,888919,535805
,863102,545783
,850607,565348
,879104,595389
,838367,536676
,861519,531277
,862534,547936
,862571,550965
,882403,534710
,865030,541150
,890223,556874
,846622,553552
,803216,577565
,877510,555087
,840994,578455
,876782,536438
,866973,550375
,822722,553764
,856991,546255
,895680,609341
,846324,557586
,860473,545982
,886532,500026
,880545,506175
,854979,539793
,825596,639465
,846216,528037
,864040,538985
,879309,561548
,846082,541026
,847292,559228
,837307,548214
,884326,479802
,842903,567914
,844948,563321
,908409,591215
,875625,599766
,884613,507507
,846741,539481
,843111,581603
,857648,511640
,860230,528054
,898736,548642
,866878,501919
,874239,594786
,758172,608152
,861033,507671
,827672,545966
,858151,548242
,821835,564313
,829482,475863
,878696,530134
,886773,509047
,859679,541785
,860863,546060
,790149,565157
,873742,448214
,874312,574582
,851462,526597
,808097,502521
,864721,548447
,876151,582116
,807278,566392
,894268,532597
,850478,566230
,823584,568458
,843715,568319
,889743,560547
,880833,537039
,842616,515205
,831024,505776
,860384,555572
,849118,571562
,853874,560250
,814561,575281
,891515,520429
,833437,556713
,791355,529644
,920249,551171
,898916,630099
,857231,551055
,838821,563842
,824475,518063
,856437,532452
,839280,539324
,859185,553000
,882007,593653
,846772,509036
,861069,548327
,844086,531300
,832154,559403
,856619,544008
,851216,516166
,828001,524067
,858278,544519
,766617,548142
,858418,546935
,852687,540692
,892382,513991
,800152,576217
,859492,572224
,850674,533083
,899052,526048
,893145,551400
,883434,581923
,765011,607246
,906772,510158
,795909,462864
,846841,533595
,826192,577784
,848628,503773
,890613,567037
,851166,532382
,870337,534303
,912649,498734
,853279,560714
,878519,606677
,860375,544804
,892877,544283
,875311,542259
,835831,555864
,916704,609548
,866352,535933
,832372,600070
,877298,565604
,854818,554389
,905849,524809
,871981,649086
,859419,546754
,916082,517633
,885963,528959
,855177,626376
,857283,548467
,913686,576892
,861381,546835
,868979,528502
,861868,549168
,836874,555991
,855074,542557
,878859,540155
,874125,543036
,851517,541076
,831779,577161
,892423,530999
,853291,557685
,645233,927201
,573324,878802
,649412,856993
,656658,854609
,618405,842859
,600996,890782
,676694,851597
,716590,874975
,657094,857640
,633601,861482
,657184,855509
,659081,860560
,642843,909185
,610505,851476
,673196,812941
,694451,863981
,690018,819280
,639997,865965
,679799,858680
,659166,861665
,688076,833905
,641840,886745
,622212,860015
,668234,886696
,675902,853961
,730287,897070
,722404,952207
,664156,846474
,674492,861230
,664639,925795
,669690,842110
,674265,861435
,672212,860894
,674236,877152
,578509,923881
,720629,816515
,671772,860357
,672628,882986
,682100,853708
,668567,856554
,662293,872590
,718544,888401
,699124,824089
,675866,868784
,683156,877209
,789095,895634
,627452,835854
,665048,854911
,668839,882598
,671235,856653
,662249,918050
,679211,886670
,567861,856582
,682241,850176
,671325,856592
,683098,847245
,675633,863416
,683656,842406
,700747,821557
,676360,866112
,665775,845662
,670119,859029
,644301,925034
,665660,828338
,682053,853410
,713088,880834
,674151,853540
,641902,755287
,676962,897430
,658748,777680
,640432,837036
,672668,861428
,673071,856021
,636871,929410
,739318,810528
,663095,949045
,647968,877873
,684739,884934
,616281,845406
,679237,862389
,674121,858589
,723397,859761
,677896,867053
,680757,826912
,694897,834591
,671609,815681
,674659,860894
,656156,868643
,684131,898331
,655237,871554
,659280,845579
,627580,840406
,631316,837043
,662898,884734
,666315,872311
,674433,860605
,678856,850293
,687043,806921
,676480,860779
,669178,866011
,683027,876064
,674134,908464
,664325,877878
,672800,874378
,674496,870664
,677769,841641
,650720,817440
,673028,860593
,669638,842011
,687360,862438
,673242,886958
,595580,798572
,685551,798742
,717187,883275
,675988,841317
,669366,869654
,676767,832479
,665828,868934
,640000,863831
,634800,823669
,639463,847461
,672266,862875
,688098,908495
,679788,889464
,598671,854219
,669430,905798
,648443,845340
,675551,956849
,634004,895206
,682420,846881
,682481,879399
,718257,857481
,693997,774817
,671444,860206
,689628,868984
,652233,886054
,682315,843851
,707894,904500
,629998,877765
,621278,888326
,679747,860939
,672876,844123
,696257,894819
,658034,897179
,699668,863774
,606506,766728
,697011,856357
,653181,886417
,729194,856897
,644843,838626
,680677,868629
,646671,857872
,665697,929571
,602365,916673
,694308,904062
,667713,847241
,689363,817577
,683941,915579
,670519,870010
,669288,860515
,673449,860643
,603472,894573
,693362,837786
,687078,791051
,683048,937776
,571669,873544
,702654,841548
,564416,878492
,674931,870112
,681053,892766
,701017,931252
,677362,853471
,665426,853940
,650661,861267
,684091,842566
,664159,550946
,597173,575538
,635690,608046
,582015,546191
,572029,518313
,577728,587566
,627968,574625
,603145,574795
,612184,570393
,627912,593892
,591851,569051
,629718,558104
,597551,556737
,562704,570596
,607214,575069
,612485,518009
,625579,551084
,626224,569687
,597428,569940
,604168,555003
,617310,551945
,606300,566708
,582176,630383
,631297,578351
,604973,574773
,617910,592293
,526559,509417
,598634,619900
,657455,567754
,578496,631434
,688015,533535
,540029,563888
,613545,574733
,604157,574191
,605850,533310
,610330,552628
,620438,511694
,603021,577991
,606548,574376
,607084,595500
,616044,533807
,604438,574666
,601376,579831
,639418,537903
,583653,652182
,605250,573272
,611044,571814
,616329,529516
,609286,586782
,606929,571420
,680357,620811
,604294,574368
,611508,503220
,551740,588768
,569197,559307
,604067,574091
,588597,622592
,576263,547239
,601339,571609
,593398,559764
,609796,532982
,585048,505097
,660327,585901
,604001,573587
,613868,585089
,538571,654649
,597620,586226
,545235,539822
,599123,616977
,617717,613939
,567188,560044
,560362,567914
,605876,550640
,600679,599545
,614943,540976
,603698,573585
,598759,582942
,593317,534085
,608557,590278
,601900,569391
,589658,640498
,559078,570088
,566609,537592
,660650,615038
,596796,529933
,616060,590779
,571334,594145
,605100,573307
,585195,555011
,589112,536573
,690968,555952
,632125,541413
,628264,616214
,604090,574392
,600665,638890
,631182,565466
,619445,567491
,567428,580005
,606289,670243
,634967,579020
,593061,579188
,606587,573873
,683697,581516
,603055,589818
,607463,477085
,579712,568354
,600039,557139
,579773,568698
,605958,573728
,667472,570571
,597802,576113
,603855,575180
,599870,591110
,658403,611332
,610980,522819
,627727,578737
,540783,626497
,637323,549567
,611315,560757
,522993,595581
,533799,564377
,620975,564344
,597026,642918
,608768,610525
,658281,582264
,672565,564468
,696144,548705
,526802,551524
,696601,603624
,716139,621721
,557378,567033
,589344,563119
,565483,551512
,582777,542670
,608298,573748
,628080,562986
,595193,576508
,659529,498474
,641976,577433
,589180,595099
,580561,528916
,558817,576255
,594010,570095
,593840,578685
,631446,561156
,611318,581584
,593865,572987
,578804,573582
,592714,553958
,668502,563937
,801539,318482
,814045,332998
,757470,224976
,797105,316002
,797205,313318
,783666,262902
,830658,368694
,801910,325434
,789833,304422
,800865,312968
,803959,315173
,780927,285057
,801551,320544
,801931,317202
,820327,352701
,798523,324500
,803375,311620
,797313,317527
,790395,300024
,797787,301470
,808710,330379
,796375,309563
,814605,354382
,802089,313456
,796609,319691
,803464,329093
,809550,327365
,830450,393096
,800041,318331
,802738,312234
,803386,318982
,798904,324420
,807446,342555
,797594,302109
,765502,240340
,794640,313497
,790932,305223
,826228,376658
,808686,332209
,799275,324108
,798472,322218
,746769,205186
,795489,287279
,783491,288029
,800272,316170
,802853,314938
,813173,354777
,797400,315778
,811391,343836
,804038,306622
,834173,386159
,807293,347456
,786635,269352
,797415,319840
,806626,318966
,769386,259892
,807409,325526
,798321,319665
,790738,308028
,795205,316433
,808452,320117
,782642,275308
,801751,318110
,807401,314610
,800394,301473
,814158,335578
,806982,316680
,800133,327081
,803796,314893
,826789,377676
,804354,309671
,803774,334756
,841928,398948
,818622,370753
,784164,285702
,790774,303642
,833182,379714
,801609,320399
,814317,333112
,801080,318049
,798059,316113
,769876,257669
,791983,298565
,804871,317801
,838276,395673
,777978,252419
,801997,319385
,810253,323873
,814280,344223
,794142,306704
,804190,320706
,840462,402858
,804119,328544
,803057,331037
,784151,283760
,802004,317772
,811277,335577
,800037,317963
,800694,316789
,764997,249477
,806848,320541
,798308,312788
,801456,320080
,840886,397888
,830805,370801
,804013,316083
,770113,241615
,833661,389733
,794956,309980
,809552,342258
,809259,345634
,801301,316893
,804702,315881
,813791,334609
,826048,374236
,803405,317316
,783116,265635
,801482,327644
,799001,302014
,799794,315080
,804691,332987
,796952,318633
,801780,318992
,796916,323332
,808405,318841
,824212,363776
,797178,310439
,803839,310353
,801145,317601
,801782,318281
,803932,318781
,789583,287700
,804251,331304
,759789,229116
,793684,312065
,786234,267976
,801903,312794
,803627,319323
,794667,315069
,798243,324160
,818119,348676
,793560,285392
,808644,326320
,800966,317165
,802431,322048
,786719,283364
,803701,321815
,800235,316652
,797947,319734
,801166,322298
,801493,322249
,810657,329468
,800390,309948
,799197,314215
,807696,320548
,801174,320442
,826585,366934
,788005,292268
,378274,816341
,401478,785370
,434440,822866
,413241,771595
,378563,789670
,415993,776671
,432656,783776
,414377,771258
,469139,810971
,347079,803582
,352874,807952
,416433,786159
,422961,821595
,429586,775621
,415417,785827
,415598,786499
,404792,749210
,473485,847098
,437483,785130
,417197,778243
,437568,794323
,418963,746595
,397688,762902
,407289,798870
,473799,795167
,446537,828924
,396540,815936
,417091,792545
,411526,784658
,394022,803914
,396118,794614
,419721,789724
,377720,727349
,412227,787450
,417016,774869
,412541,806622
,407023,787385
,396548,784388
,414014,816460
,436951,814456
,418410,795929
,414562,787355
,377858,811790
,460371,780609
,395641,808571
,440667,768761
,370839,727884
,391555,789079
,474368,812039
,463768,793154
,402309,786873
,425053,790566
,424023,737453
,415672,787824
,417515,787648
,447833,819282
,417393,771537
,399634,751940
,419227,779215
,397669,792218
,407504,803363
,459328,805961
,480128,785580
,410969,770451
,420476,750495
,408428,771823
,426040,825049
,414317,828815
,412388,784064
,422419,754048
,414512,793966
,424375,721868
,400902,772920
,472917,830363
,329002,727685
,425356,745471
,400598,790903
,492415,829655
,417673,785965
,386415,801444
,430747,776261
,429220,787348
,434080,785264
,412386,777312
,409142,811927
,392185,713763
,399149,784376
,527515,831478
,430779,770145
,392140,769924
,389713,772742
,473727,807244
,377230,790154
,456799,844976
,404359,783919
,425019,759577
,420083,787815
,436648,859634
,401407,759648
,367398,701756
,382124,786262
,448865,836781
,414249,796590
,396276,785999
,409417,758123
,397137,742547
,385257,791581
,369249,797068
,423146,737571
,422736,790806
,394018,799506
,430243,781020
,425796,795608
,433989,765343
,417023,771194
,391163,811977
,414860,773921
,415631,805010
,472691,802678
,432892,815223
,411721,717873
,375997,806621
,375573,809249
,363857,784086
,435085,791564
,425611,793420
,467107,817914
,430001,765803
,417146,822655
,399587,792459
,345692,788190
,469782,780552
,414951,852935
,442826,795974
,423311,813081
,391976,789416
,496658,816784
,430167,811490
,404220,785798
,439514,758221
,470062,771204
,396617,801039
,394912,755947
,408283,806161
,441950,785934
,395817,788858
,363959,810632
,407626,771304
,457554,795861
,445674,768552
,419485,804779
,349378,805118
,484407,809641
,392795,817694
,461751,817277
,427388,815258
,437035,755506
,777811,751059
,749723,781756
,828194,742074
,831165,783383
,810467,706465
,844662,654835
,823065,733789
,811389,723618
,854769,713941
,790712,745884
,841289,701474
,786032,701427
,832886,781206
,857620,709386
,836727,737798
,824098,714042
,862189,735684
,828478,655405
,880362,706363
,825070,734215
,840863,737972
,828276,762021
,854886,769396
,835428,731189
,823417,701523
,829969,699565
,816955,747629
,803577,712231
,881789,727577
,834996,728517
,841045,738224
,874544,686096
,820253,714625
,844729,682981
,793669,724513
,826465,646980
,814540,707227
,869471,745767
,801177,737548
,814105,723255
,840270,725456
,827169,708345
,835030,668528
,816091,747764
,822670,689090
,808153,737136
,814697,729209
,848264,762550
,802674,727804
,820707,705318
,804474,747122
,839514,728923
,851644,721350
,798007,723995
,821909,728448
,735295,814058
,792990,685472
,789388,712210
,876935,684572
,807929,730950
,811748,766105
,848586,789052
,873532,712802
,832798,734777
,824322,744720
,868493,677155
,840349,790707
,832589,782799
,856029,730586
,854628,773470
,796943,674692
,818209,719382
,817777,724927
,825080,746712
,822616,735941
,823250,732088
,821337,733356
,862425,741010
,800872,672603
,843911,730036
,848570,703697
,820367,732364
,837718,761480
,850904,720163
,822103,732911
,835648,756631
,825997,730652
,877906,722361
,791470,751113
,825429,732758
,804706,788001
,869991,705259
,822078,711840
,829379,718721
,783999,732487
,862569,719773
,849343,713993
,821259,750089
,819058,729125
,797804,715342
,829398,724900
,878690,739021
,786495,759000
,787988,741203
,822425,727248
,788351,737539
,840425,762290
,807913,737341
,788166,702817
,822293,786837
,822623,745025
,832238,725434
,843572,784897
,822474,780882
,841752,731595
,822533,758955
,837977,728814
,819628,810748
,832086,716249
,823856,749355
,818756,743887
,801526,705057
,843891,721571
,782368,759352
,866928,716961
,850888,736810
,769656,721159
,870054,738900
,853692,746285
,750459,800215
,835804,710711
,813092,739043
,825404,733788
,827081,694553
,768565,762193
,821079,800206
,820757,738235
,819438,662327
,789552,731946
,775555,719683
,820455,729132
,762269,792243
,824013,753991
,823589,728083
,820083,728310
,823455,747394
,809623,734937
,802184,751958
,830065,739162
,852730,769968
,811031,703822
,816615,770855
,817269,733788
,757421,774445
,788020,765562
,812295,728049
,797918,694723
,821895,732158
,800258,733812
,860951,162251
,857363,154639
,839094,159543
,875990,133950
,895835,123485
,898976,198452
,849653,143827
,844234,153197
,828179,155649
,850965,156224
,832621,150748
,826192,172906
,839974,154358
,855233,141357
,868442,160118
,864185,161232
,875825,204959
,892340,149050
,836433,200181
,854922,159650
,807420,168787
,834602,213597
,856454,117143
,850046,108829
,864374,150149
,870247,121460
,850176,127908
,828005,145089
,849537,157510
,838142,156770
,856349,158150
,869288,168662
,860986,140320
,866051,172932
,865489,161762
,846256,154064
,859707,202806
,894124,202052
,848108,161786
,858058,196183
,885793,172115
,877125,161227
,891699,170415
,862759,157988
,813124,157130
,858042,178196
,858516,151301
,905005,164126
,845589,192916
,863995,150435
,861631,169376
,912023,160368
,824560,133679
,860845,155375
,821428,153468
,827802,189078
,847812,114745
,830159,134329
,847276,121785
,780153,136449
,834483,173379
,854012,157449
,850219,110573
,881217,172320
,871255,140340
,873690,156226
,778867,140736
,882097,161493
,849751,167033
,850663,157840
,838609,140215
,859703,156782
,895723,126593
,850200,164752
,877422,134877
,819256,201704
,818014,140185
,864088,171351
,908069,146564
,854996,81095
,888504,147016
,851866,156896
,810775,160434
,844088,150085
,835790,127898
,858703,157931
,876408,183646
,848974,199427
,856561,128799
,872516,217570
,819670,183364
,895127,152283
,792179,148539
,853554,158012
,825605,167750
,878170,123364
,866987,154415
,873474,159567
,882306,173836
,794260,129843
,868736,179354
,868375,161990
,849599,157084
,800304,163436
,856202,158811
,851010,157593
,850533,160136
,850911,157772
,835581,147664
,858172,137586
,871597,185239
,837019,215527
,837017,154170
,866851,129505
,924289,171369
,836739,162321
,884750,154317
,854463,159977
,848137,87922
,848135,130674
,864494,136669
,851088,157432
,860106,157080
,820675,168154
,842907,133992
,871544,144135
,856753,145184
,865113,161302
,845802,172285
,881106,105566
,839445,149778
,845798,213118
,831446,182864
,836647,167267
,849126,121710
,855993,225023
,850787,125678
,829216,121494
,851919,127963
,848563,117708
,852503,146551
,825541,151495
,864667,143614
,854909,149938
,910435,171155
,871780,158486
,846011,160034
,860927,110775
,848413,183717
,852104,134678
,847423,161535
,828038,149181
,841967,150890
,888697,143969
,864991,159874
,811694,188374
,885764,151791
,895623,178393
,865170,173755
,864211,216526
,791199,164843
,843905,219401
,838146,159541
,315965,587160
,359831,554975
,289423,559134
,321312,574721
,370259,585265
,410917,614521
,347197,591316
,317331,556086
,330455,568758
,378697,591764
,338342,566864
,432052,613723
,334354,578047
,353335,592567
,328438,532686
,343247,564376
,330881,579058
,339115,566863
,367048,553451
,366934,581294
,393570,579641
,353979,578923
,327738,559624
,297110,556485
,413894,564459
,337811,558454
,340545,568654
,318065,581616
,331667,570387
,299578,572052
,339993,544064
,332960,569308
,352220,602793
,312386,555195
,335328,562880
,353145,580916
,294310,563522
,373894,555347
,337298,565486
,304157,566007
,330127,570072
,357275,551101
,326152,563230
,238748,551038
,352520,566829
,354746,552404
,277027,536847
,375619,553791
,344770,570309
,324442,567881
,404420,577532
,293591,522132
,338860,561151
,328331,541094
,392534,593343
,343376,575709
,361370,552483
,350117,535859
,368617,554066
,344237,573700
,328657,564864
,333669,542228
,316642,553340
,349955,535578
,411008,607342
,297022,574097
,359772,568428
,324093,580491
,321905,573147
,386373,606623
,341578,558672
,331987,568997
,334350,556417
,338950,572545
,343997,585193
,365567,547606
,286990,529505
,388806,569524
,331440,551885
,348171,569251
,419151,577335
,386377,574187
,366688,562413
,403004,613466
,384922,582877
,336787,538925
,303269,531608
,337889,558031
,340032,561740
,351459,565704
,283474,532727
,366478,594677
,331616,565089
,276703,559740
,331366,567311
,290107,571927
,374695,563163
,338583,563529
,338474,564151
,342901,582886
,304086,576100
,346144,560472
,318681,528806
,310041,533285
,363956,609339
,330767,552963
,315850,573154
,329905,579935
,357679,548036
,330335,568221
,341925,569393
,335999,549795
,332586,566187
,400380,588221
,336549,565597
,332116,594868
,415881,584352
,316395,537403
,340383,600071
,356865,545785
,347575,565576
,352424,557574
,335029,553213
,324032,577807
,321924,527106
,385091,599401
,332884,533990
,350056,566657
,350283,559840
,350798,535657
,324516,522674
,351815,574947
,348773,583528
,316313,570785
,341446,538787
,347522,587567
,334983,572690
,330145,546705
,302353,545544
,285152,520229
,332270,556288
,339640,561426
,324952,565867
,385183,556284
,289176,571435
,336974,563207
,396903,591235
,333378,557892
,344437,529492
,367641,556309
,297212,546223
,331340,524203
,306346,523584
,282430,560217
,335201,585318
,322365,530808
,296763,528676
,338084,560295
,325883,560492
,329859,564384
,409616,575024
,404782,557913
,344096,575522
,171461,348130
,177241,292639
,174057,358906
,170688,343596
,165689,356983
,165158,343946
,175781,341039
,189029,366740
,170271,306395
,152054,345632
,202053,322650
,159654,381778
,183236,338163
,182751,435819
,198517,325721
,210497,359835
,170788,373545
,155479,345893
,129332,360811
,165945,345849
,122755,434879
,179472,342273
,177505,332053
,178869,370161
,164354,347671
,145867,363616
,164915,350360
,153181,277968
,160835,347784
,203254,362605
,174064,357989
,176506,351827
,180506,330980
,146070,316860
,163190,331719
,159191,309314
,162040,316797
,126702,351222
,140612,350010
,170155,343568
,146072,288800
,169502,411323
,156041,295117
,163981,344090
,141113,351050
,160369,353500
,140876,334435
,192460,388323
,216209,437830
,199859,316334
,167845,341409
,133795,360518
,167262,399527
,130683,363204
,197735,355477
,185561,342784
,157394,346500
,129664,341196
,182499,310438
,182093,321311
,102221,374657
,164875,349007
,168274,374689
,179811,342089
,173908,362098
,190634,357254
,127134,379827
,140121,346875
,200251,306215
,170022,347877
,186361,351075
,155228,357729
,175586,365049
,171074,293610
,199043,270173
,159428,300364
,161273,347538
,143732,279724
,156977,424622
,148915,338914
,175766,380534
,158550,354818
,169880,343122
,187854,354777
,190241,329582
,143117,345163
,174834,411644
,146821,297434
,94382,320888
,176490,344679
,81648,360080
,183970,355973
,158571,361986
,198892,322470
,166654,350678
,198712,303299
,144306,328086
,178319,318244
,174656,393278
,176433,350561
,165476,377389
,129453,321221
,206687,342276
,189499,356601
,181463,326571
,157691,334886
,165607,362883
,176982,354631
,191099,341570
,207804,354938
,149269,341445
,174438,319075
,76052,360840
,140101,341028
,150009,371014
,111476,358647
,171318,373473
,162600,392531
,170102,323164
,149863,284721
,128953,304971
,198415,321418
,220869,407358
,170837,353968
,135537,356169
,158750,312102
,158713,379013
,125715,302114
,158871,312380
,169121,347594
,125902,318850
,171986,429306
,157181,346842
,140128,325904
,162921,317643
,98533,355691
,164847,287064
,149092,352682
,178515,370287
,122986,334382
,185919,363092
,181227,347052
,198251,335402
,141861,328909
,178264,330827
,195151,317753
,167330,332452
,185661,404482
,113068,317574
,172842,351663
,169069,348929
,155625,262321
,171277,361020
,160165,362858
,169994,409806
,172662,388185
,160206,303063
,124516,325289
,165573,305517
,166799,318482
,168805,351913
,163091,350167
,179483,359645
,164046,346109
,225356,318394
,159253,343477
,169876,340860
,613682,399434
,629247,364078
,609532,388425
,605911,379990
,607905,403460
,608711,373665
,601212,370698
,563517,391159
,616040,330855
,607440,403119
,599215,391457
,613921,394043
,635887,384511
,617755,401065
,559933,403956
,625919,402984
,617493,379303
,601644,436831
,591051,389443
,616468,394118
,558770,390646
,556780,409205
,650054,432740
,714443,433876
,562356,383175
,626539,394908
,710910,464586
,632546,389750
,608309,377530
,658219,436184
,628131,406850
,575116,345564
,618893,419740
,686324,364237
,623248,399928
,537211,376777
,634973,450542
,613037,419086
,633304,366062
,631633,337973
,620330,398630
,618446,372298
,608687,374928
,591831,438997
,620330,396776
,617178,414525
,622636,456843
,613719,382828
,599766,409755
,695514,321521
,691600,397893
,600114,413216
,636291,360636
,626700,401688
,523329,404632
,613536,395801
,652745,406585
,610026,444858
,648429,422590
,638823,411764
,579922,379009
,642607,374702
,659321,404555
,598628,425191
,665965,449273
,611579,407670
,589862,418742
,605073,372055
,499262,398424
,619295,397643
,533577,355107
,690195,475150
,657120,386782
,675858,410545
,618449,404599
,578113,395458
,635324,420555
,689725,465685
,615094,383077
,573969,434110
,634383,422065
,617330,369828
,651828,468138
,613351,407952
,533212,366954
,609344,448128
,623989,368662
,687638,439257
,547270,403384
,588432,446279
,615325,383841
,681941,370225
,662154,385013
,628655,321099
,660333,393215
,565829,395454
,604554,393193
,659193,384523
,633894,404424
,615175,397627
,593689,316888
,572244,349463
,621622,390298
,630205,338054
,637594,420311
,585207,336451
,650157,402991
,655201,411873
,630706,388370
,621537,390372
,618406,404239
,603945,361794
,660103,414557
,608182,416637
,620939,385731
,614683,367259
,587453,401098
,617954,395504
,533889,333741
,632952,385722
,626843,367696
,611547,411952
,581240,362971
,662177,420431
,617447,366176
,685785,409913
,609091,437020
,668879,388617
,657450,365008
,588952,437524
,608601,418450
,605891,428146
,588933,366439
,577773,434308
,620955,389692
,634661,446187
,605650,447537
,684568,380640
,618157,384990
,603388,403039
,639507,438534
,619475,400592
,659297,373975
,610199,394579
,630904,404643
,621560,397789
,593879,444161
,627679,395601
,616737,397973
,616926,398697
,642157,345545
,604703,392288
,619415,397644
,659191,459637
,688487,383589
,635242,356290
,656642,407213
,630067,372798
,589164,386733
,618676,377015
,669409,415893
,649968,371445
,658884,390135
,629891,414975
,610722,418243
,615649,429323
,643965,366316
,606486,420054
,628715,434772
,335970,846828
,211165,825505
,219686,859997
,213558,873714
,247997,878582
,224676,859348
,245468,859425
,250921,819639
,230591,874855
,286769,862152
,245023,849247
,250198,825417
,307605,840195
,230399,842538
,247939,831010
,300726,862728
,239505,885057
,221122,832810
,228928,855040
,225916,843329
,276600,823311
,278326,829095
,251032,876118
,260943,889692
,221002,870506
,261896,897475
,243941,843256
,237120,856814
,253703,834676
,225991,869734
,296892,901182
,241473,860854
,235901,856563
,256949,820470
,325275,866433
,187894,871219
,189752,865463
,188480,870646
,242443,851797
,229970,878786
,241166,845204
,284077,905181
,241972,840749
,227363,836593
,237689,839510
,207552,772091
,265125,820661
,290210,818593
,271395,862063
,249253,856047
,295375,861990
,246470,842932
,298979,774144
,227819,900986
,249857,844975
,252586,806474
,228095,843338
,241381,844402
,253339,750941
,294326,807584
,248210,886338
,244743,830888
,279923,805957
,238524,842928
,260590,827955
,245254,907991
,261120,804153
,240308,844341
,268926,813783
,188424,849785
,163766,859386
,224852,934148
,228711,848090
,201080,823689
,264798,767716
,232246,844226
,222682,806314
,197362,870337
,244257,776516
,309399,838744
,242247,864253
,232357,810798
,267049,950249
,241138,844374
,264175,824349
,274685,883097
,256073,917590
,241687,844256
,228032,893055
,264274,813041
,229131,842806
,261819,863523
,310591,841778
,235022,911236
,236495,861569
,258528,856273
,257480,849037
,222445,891438
,236207,886769
,159683,838958
,241545,838673
,246468,838071
,266111,813259
,244899,812192
,251866,864044
,209264,836661
,351883,890475
,244027,850132
,224681,858432
,220884,916718
,257093,801567
,332237,911313
,238084,844799
,299772,828655
,230107,858332
,258135,880184
,183583,787453
,213208,833959
,261622,869706
,241849,815141
,220931,876605
,233931,838374
,240645,855514
,247613,815836
,257788,880587
,224241,828996
,244618,845420
,243511,830743
,216061,848623
,248931,844960
,228715,837572
,248276,844455
,223732,826580
,265299,859533
,247210,859012
,262370,891499
,222019,839774
,208941,860169
,241005,825301
,238492,833394
,286663,846902
,253890,807676
,134134,842630
,250359,849451
,218942,848326
,253899,862843
,208494,850615
,271093,861412
,255185,825960
,264565,859237
,228517,837056
,215976,836025
,168036,807011
,243951,865415
,245740,814541
,274505,864723
,235084,818866
,221706,875060
,298800,824277
,219498,851932
,288675,919879
,282622,879222
,238260,882489
,219321,848396
,212009,864463
,245118,811283
,253655,821946
,210162,860529
,225567,853078
,257134,845851
,294275,174786
,325938,164475
,319838,170383
,283784,178305
,338717,181582
,314519,146787
,291228,101272
,321522,163852
,307913,91419
,321775,164846
,295537,91032
,338570,192256
,359796,165920
,320972,170417
,367806,123963
,350964,149159
,287966,150135
,232784,169847
,334529,166765
,196795,190277
,373191,88470
,339732,163158
,276792,141848
,311328,159477
,316820,150304
,310824,144943
,300672,175844
,319208,164182
,308763,166511
,360143,155270
,319283,158983
,292402,184441
,313573,109221
,344482,215846
,330533,214555
,267662,127175
,292193,125417
,321344,166633
,368060,76739
,245783,109229
,343217,153037
,347406,155708
,357014,148222
,322140,165212
,318738,182134
,311819,140674
,301983,173386
,315830,102777
,325861,203058
,345976,148333
,318665,158107
,264427,188193
,265430,151883
,380609,185976
,362027,150348
,315963,174031
,337343,156614
,347492,153416
,353991,193997
,335476,183897
,384591,137729
,268938,211870
,356280,185198
,350480,214608
,302582,134124
,347039,195468
,343018,239960
,326959,154655
,310529,141617
,411606,137378
,305292,175260
,390934,170420
,355499,224982
,232043,177614
,327204,152871
,291723,177824
,340048,131847
,239495,163949
,401396,125431
,336085,170252
,307616,207295
,294653,104623
,318707,160697
,307747,128551
,270233,195701
,311433,134432
,315146,160782
,305333,171939
,302266,185591
,314552,151035
,331212,162496
,383894,179880
,331381,162660
,378347,144880
,328425,159826
,317771,154916
,342066,119083
,280519,165350
,284757,175853
,321262,178491
,311408,168232
,304376,222294
,247892,115217
,311516,94189
,321778,158339
,333942,143344
,340996,170964
,332853,168141
,297731,175876
,306540,193434
,355168,114823
,347630,120931
,371052,147369
,258201,153095
,283786,133973
,345069,165968
,363932,228249
,390538,157197
,325344,159885
,274495,182470
,381617,157000
,359520,132845
,321620,169950
,335742,196692
,340066,152500
,346079,220993
,377042,182019
,332246,172932
,327569,158418
,317217,163896
,277512,151920
,306421,145493
,318266,171979
,318192,170844
,329029,204399
,287127,192494
,308748,199866
,270729,67329
,282957,179982
,327927,168535
,376557,109320
,321182,150806
,268518,181514
,279251,184486
,318215,180010
,338044,233264
,344380,183817
,248779,111087
,415534,110526
,315670,160928
,290700,196285
,325279,168587
,333883,276840
,322101,164171
,292931,125341
,335003,151395
,343851,193618
,334980,143900
,360945,167952
,275288,212315
,333937,51121
,319829,168353
,327608,177638
,348815,150017
,324337,162686
,291973,127483
,325360,134919
,312421,170617
,275459,190178
,252845,181181
,382720,263255
,165104,543395
,132705,557674
,102460,533057
,123441,594415
,110948,539533
,133023,574572
,136531,557658
,179189,536028
,156430,615117
,31842,565765
,155899,561715
,68388,574380
,210499,526471
,135336,552552
,136301,569544
,139212,557713
,176602,574552
,140989,537156
,128669,574591
,139460,557260
,147885,527813
,151701,574146
,142668,544976
,142265,546135
,192564,547558
,182840,584262
,135849,550612
,143265,548387
,137347,622867
,125756,579609
,138073,556272
,19835,570290
,201324,574588
,139052,610320
,107972,601191
,220156,589643
,138122,557230
,154620,576738
,136967,565662
,125005,540340
,139474,569485
,157138,565993
,136078,547418
,156003,502860
,133780,533275
,148510,579793
,149906,546909
,115287,602637
,108651,521409
,127373,549518
,141641,557376
,136580,553967
,179793,483378
,125840,520239
,140717,554093
,172882,571145
,158366,537970
,69565,599820
,153185,562792
,223226,546198
,151099,518008
,127202,525948
,138734,557713
,158060,525533
,134449,557556
,188992,563992
,179830,547383
,112184,530469
,183026,545377
,172116,513383
,144325,538991
,105193,596017
,117089,561455
,117959,536156
,140706,547367
,135284,555664
,112673,516997
,119237,591137
,113099,546732
,158773,588778
,144856,551807
,152584,564548
,127858,609681
,149758,564768
,159271,568953
,129030,588495
,172756,612694
,99569,523174
,169322,577938
,136418,562926
,74519,527539
,110877,562558
,136232,576477
,259173,548593
,103153,601002
,206219,604081
,97430,598804
,116860,550810
,143226,522375
,94933,588147
,131532,536658
,113321,606322
,201753,569116
,138884,529162
,110479,594587
,160280,493497
,149054,556986
,158596,562634
,137172,523482
,130157,581286
,86243,559135
,127964,538935
,210597,589836
,147664,559632
,130657,555545
,221994,575146
,154268,542573
,133094,557996
,139911,561185
,146183,622188
,184402,546549
,170816,547069
,146678,558942
,162124,500069
,182854,534283
,177665,557923
,130249,579307
,138220,560056
,127940,590467
,64979,538104
,79285,554817
,198823,538624
,211584,591058
,220224,592068
,142767,538646
,184412,537050
,137197,556522
,80673,566893
,94249,600812
,94458,533883
,98675,580608
,141771,551655
,137316,562151
,197849,575524
,129997,568115
,164453,544085
,88703,577217
,95074,570002
,125548,552424
,118391,553625
,162713,586568
,56907,586609
,104489,542515
,180633,570302
,178005,594957
,137680,555667
,101722,535117
,107160,530936
,179931,536588
,119496,543146
,76661,531044
,154964,554923
,98525,579761
,153326,558408
,102898,592834
,193502,557364
,154162,536416
,163477,561507
,120357,560737
,114108,540537
,121786,564225
,149760,577278
,34795,606311
,108512,525986
,495165,163113
,507786,199578
,506012,178372
,507311,177795
,506069,169723
,505044,180646
,511868,170991
,460616,174810
,543616,144788
,542311,161882
,517750,199025
,559076,190770
,549384,208450
,520880,200955
,487472,166999
,465734,114090
,505584,176135
,500589,181466
,553118,165472
,551798,221411
,513181,177419
,535564,177248
,450030,169537
,505512,203857
,490271,216725
,508228,220433
,508551,174306
,510414,142485
,506288,177990
,454160,102568
,519003,160741
,507674,147431
,473361,185066
,509285,174620
,438860,114065
,504755,150226
,508907,173787
,490956,124550
,515856,148316
,522728,184704
,483807,198925
,470041,102049
,515230,149567
,484678,123623
,480787,147737
,508144,167733
,489378,172861
,514173,139330
,499009,205823
,505117,141877
,501334,163002
,546565,151576
,486891,175164
,569692,182365
,457033,127590
,436641,55171
,496130,178113
,507092,175151
,528826,154067
,505400,160422
,489504,146224
,505128,175022
,506812,167031
,508789,174256
,511106,122518
,535787,199735
,496006,191010
,488330,173837
,509956,141698
,535034,172649
,496384,166644
,575022,213534
,464672,193513
,470314,178936
,508797,176269
,485361,169229
,499643,171625
,474641,81263
,516963,174184
,434581,123267
,501416,172980
,512900,219252
,509522,174376
,512716,181316
,505603,147517
,541790,172616
,520763,250478
,533931,173291
,528679,199079
,517495,186329
,456821,105575
,514934,219169
,500474,169746
,467144,147308
,452791,156805
,593887,210595
,528011,201615
,512051,145220
,507959,166780
,561110,219865
,523779,163905
,519421,154681
,513957,139202
,533351,147778
,496069,102201
,497254,171940
,481083,151953
,486224,196184
,462658,75167
,499676,196897
,521032,177084
,505225,158750
,478442,125560
,502915,183059
,537174,194410
,491442,116195
,505079,219082
,528938,174372
,520759,184923
,507832,181513
,514408,173338
,513362,223841
,477746,163845
,486326,174643
,541220,177840
,497255,188783
,512291,169608
,508099,175066
,537836,177165
,507445,193647
,527753,213985
,481356,162127
,506142,170513
,477901,173288
,532010,176195
,490355,153464
,550216,184337
,523796,219588
,445043,152257
,514622,206979
,496476,140337
,506361,225237
,529409,157228
,514219,167014
,545957,196749
,589900,217899
,474516,189144
,473093,188791
,510901,175806
,499272,168413
,511289,183247
,519962,175210
,516128,178722
,502877,192740
,574369,207483
,486870,146947
,504243,237336
,536623,213083
,502002,166223
,525670,184762
,494317,170837
,473933,191767
,487952,168607
,453261,148432
,497815,165151
,598908,254032
,538228,168834
,518675,175686
,540196,180312
,517882,175467
,511368,173673
,500192,192292
,511484,160453
,537514,179689
,406184,394506
,428667,451233
,388202,405780
,353749,391896
,393402,401018
,400257,404936
,392046,391220
,508805,429073
,384467,407359
,449683,388863
,451753,383440
,394599,409068
,402109,430185
,412111,418466
,361159,436327
,383832,340506
,411957,397796
,417231,381303
,415394,396940
,397791,444527
,384572,388523
,414997,432597
,396150,430329
,401240,354085
,336023,416862
,413549,408517
,424811,413300
,419118,421655
,410682,349328
,392258,405478
,411471,446824
,431117,394746
,400468,405703
,352429,359750
,387039,365758
,400545,404212
,394436,450912
,433463,410297
,424241,452915
,347638,429109
,451670,388347
,412615,403902
,389868,410718
,468350,395883
,383878,376230
,368864,411216
,276794,384458
,381340,409680
,404288,349685
,422056,382193
,373917,427628
,392728,411341
,401730,354294
,401330,395538
,399188,402459
,399858,403574
,388743,388465
,400727,396769
,402071,427626
,383992,398245
,418086,394699
,380458,329635
,411171,426853
,375233,399429
,397764,406712
,394846,407130
,332913,385678
,388479,343648
,444816,409502
,415222,434798
,416893,347737
,404273,429948
,447192,359893
,451853,420873
,362753,369848
,380139,434251
,405470,392374
,398617,402424
,382222,441817
,400548,402390
,373943,376926
,391776,409868
,401923,417123
,405325,407466
,416110,374296
,442931,430123
,401313,405195
,417617,414816
,470047,410943
,369227,397853
,397331,407010
,401708,409924
,401411,414503
,386068,422517
,346358,384801
,348847,425164
,357253,388075
,415233,441297
,408224,399767
,343119,382074
,387103,401925
,393758,439738
,402660,406054
,405356,391545
,322936,368566
,456025,389630
,377941,403683
,348263,386451
,392576,406460
,398153,407081
,398795,472619
,377758,413906
,396710,378698
,408992,462226
,412861,434751
,395168,404189
,409244,460295
,370602,353215
,408147,436628
,399291,386712
,419200,403389
,370252,347498
,418046,358461
,397618,404912
,406739,400918
,392424,375266
,391970,419802
,468907,448885
,396556,406492
,375971,427549
,368363,409733
,399753,404222
,381863,416651
,389520,406500
,387461,394402
,391439,399819
,407189,437102
,402031,426039
,382396,405483
,418636,440000
,424365,371987
,371548,414612
,399717,403257
,393424,399084
,377870,377550
,452398,378671
,424089,352640
,402851,395579
,460684,371809
,405322,414743
,377975,461076
,477323,384551
,429653,438596
,400660,404811
,392162,355397
,371464,328177
,448231,384406
,420616,401526
,400538,407020
,408182,408351
,411090,435389
,409291,431539
,400473,408327
,431437,436764
,411053,432808
,364455,436191
,367864,442851
,308726,371721
,371498,393120
,380749,403860
,377215,418429
,436034,385951
,415136,446807
,372424,413163
,354767,417464
,854654,549222
,870826,524625
,861364,598127
,906640,587296
,887896,558572
,844066,546029
,897131,604582
,872241,556733
,794265,594573
,842786,614034
,841130,529745
,855603,542414
,837032,509264
,793791,581315
,879722,550246
,869369,536868
,900991,497149
,860520,544023
,889805,522039
,852918,552112
,932662,537069
,867533,542290
,862002,534006
,864265,549505
,860870,546516
,843344,604964
,830888,544022
,853562,531620
,859213,538040
,842719,506205
,863859,546898
,855045,547633
,829747,530312
,810277,520837
,840406,538772
,837457,518745
,816056,542574
,808555,600511
,832010,554080
,840020,568424
,846594,522941
,873136,513309
,905770,531812
,914183,620056
,861193,573954
,875640,561262
,849501,552769
,906382,534459
,861656,545794
,865081,551012
,867801,548156
,840059,534876
,937823,540173
,904133,534915
,833499,504718
,818739,545052
,838036,542999
,850790,525740
,869818,543227
,860563,534839
,860151,543055
,838239,576018
,853093,586321
,838978,622330
,832490,450680
,859577,544625
,819843,570485
,887780,536497
,849858,524682
,870630,516603
,869718,536928
,881571,532467
,861966,562885
,961951,577029
,874791,559085
,915504,527751
,859515,505303
,837880,444574
,869960,562146
,877440,529137
,846371,578530
,860507,526669
,837312,572687
,879805,547494
,910683,612854
,874110,541972
,873984,580836
,894785,440382
,879902,518647
,839012,550376
,879500,590791
,866044,584750
,819250,517655
,872033,558924
,846752,613846
,849777,531138
,823202,619103
,861023,545953
,862785,579661
,854374,550707
,860721,547751
,829240,591428
,853348,525893
,856167,542249
,838808,524944
,773292,531652
,805884,549492
,843432,490725
,865157,562132
,808777,512952
,863706,491401
,877413,541536
,854037,528890
,857360,562228
,862117,600081
,885379,603686
,865020,550686
,861027,546004
,844627,556401
,854342,541611
,923996,594948
,803202,549001
,897286,558004
,858537,548576
,849327,548496
,793875,473793
,847728,576707
,816840,539239
,861927,562723
,811745,461099
,870139,566584
,830226,483466
,834632,541216
,925485,596955
,839493,521150
,873380,495161
,898578,612291
,858325,586062
,812634,554848
,810817,509540
,856552,545271
,784291,581417
,870936,575427
,871544,592403
,819580,545900
,870214,556246
,857319,543529
,858057,542933
,888111,525539
,788776,582930
,875248,462524
,885828,586348
,893991,544467
,872247,494281
,902302,514170
,873636,510687
,915666,506439
,862062,545736
,900829,590250
,855983,534803
,874877,535143
,853439,518568
,814249,488483
,865489,548920
,880275,564545
,880958,588608
,872237,555834
,836951,546244
,769546,554722
,868128,568529
,852267,498220
,846646,548548
,806888,492319
,860259,545444
,838442,506780
,730887,825972
,645563,819480
,693699,822637
,684558,878573
,651506,856097
,667280,765619
,674463,862486
,620685,880813
,721401,951880
,644693,867371
,673646,857346
,708244,871834
,657811,885904
,709303,897538
,612648,772280
,673267,883727
,678869,902492
,677983,890077
,709254,847444
,664355,831472
,692386,863386
,680506,840053
,673292,857105
,736557,897961
,675013,876331
,695092,820091
,691716,873426
,678606,878004
,688118,911574
,675382,836312
,626334,852383
,653177,819935
,677404,883871
,715956,900724
,679818,860064
,680381,823757
,640210,902029
,618009,867493
,680261,863401
,681049,846975
,656957,871011
,673953,835926
,648590,917839
,668367,855686
,700098,894685
,661357,801817
,673332,857517
,672059,860501
,683580,872374
,682510,905902
,680228,843225
,674961,865594
,676220,858214
,668228,858122
,712262,856869
,680592,858526
,646816,829778
,677551,860007
,678195,860537
,679054,898217
,665308,868551
,660459,860658
,672068,874862
,704574,866263
,680579,836946
,672544,859978
,680969,838864
,664903,839150
,683610,910782
,594720,848457
,700341,869730
,668519,860048
,638004,837697
,668772,858570
,599612,859210
,654937,781879
,658734,883214
,682699,851115
,667620,855461
,697161,840318
,664260,859029
,700962,927047
,648230,857418
,680828,839011
,673826,880137
,683585,905984
,669748,863109
,659734,844127
,653258,860766
,666516,859837
,653592,959882
,646422,900526
,604546,847329
,705518,925936
,718088,852181
,710082,881600
,685821,816579
,669427,846395
,657981,866945
,704065,832648
,693783,860206
,670957,810768
,637665,858741
,664025,801796
,685124,873363
,684602,823981
,651576,865180
,674472,860330
,683413,861559
,674365,860819
,662684,813662
,674311,859933
,636769,854047
,663945,828490
,706906,885612
,671976,864630
,651216,815098
,657879,857942
,674905,876286
,672818,881943
,658590,886551
,625416,868848
,723173,872525
,673410,863889
,615826,863168
,753254,840123
,726847,875488
,674114,970756
,677459,896720
,653745,809028
,666636,858686
,656834,885944
,672598,856928
,612392,916853
,671404,857240
,704570,845515
,705929,851313
,667131,849230
,649345,864613
,659542,840985
,682304,876841
,663049,843538
,689948,850548
,629377,853726
,696808,866039
,669697,859388
,672474,868765
,708262,945359
,674521,861127
,663168,859429
,672797,843231
,614497,830844
,679242,853941
,749941,916922
,684537,843821
,731712,878998
,730383,879136
,728743,850843
,722463,882675
,683252,858182
,675357,870850
,687325,883004
,669713,851017
,605535,925341
,672387,800443
,713579,879202
,695260,824882
,601619,825604
,703773,870419
,673140,864863
,683321,873932
,645677,814395
,659046,930099
,691827,863963
,599647,858702
